Workbook

Sheet MASTER_SUBKEGIATAN
A1: kode_sub_kegiatan | B1: nama_sub_kegiatan | C1: kode_kegiatan | D1: nama_kegiatan
A2: 7.01.01.2.01.0001 | B2: Penyusunan Dokumen Perencanaan Perangkat Daerah | C2: 7.01.01.2.01 | D2: =IFERROR( XLOOKUP( C2, MASTER_KEGIATAN!A:A, MASTER_KEGIATAN!B:B ), "" ) -> Perencanaan, Penganggaran, dan Evaluasi Kinerja Perangkat Daerah
A3: 7.01.01.2.01.0006 | B3: Koordinasi dan Penyusunan Laporan Capaian Kinerja dan Ikhtisar Realisasi Kinerja SKPD | C3: 7.01.01.2.01 | D3: =IFERROR( XLOOKUP( C3, MASTER_KEGIATAN!A:A, MASTER_KEGIATAN!B:B ), "" ) -> Perencanaan, Penganggaran, dan Evaluasi Kinerja Perangkat Daerah
A4: 7.01.01.2.01.0008 | B4: Penyelenggaraan Walidata Pendukung Statistik Sektoral Daerah | C4: 7.01.01.2.01 | D4: =IFERROR( XLOOKUP( C4, MASTER_KEGIATAN!A:A, MASTER_KEGIATAN!B:B ), "" ) -> Perencanaan, Penganggaran, dan Evaluasi Kinerja Perangkat Daerah
A5: 7.01.01.2.01.0009 | B5: Pelaksanaan Pengumpulan Data Statistik Sektoral Daerah | C5: 7.01.01.2.01 | D5: =IFERROR( XLOOKUP( C5, MASTER_KEGIATAN!A:A, MASTER_KEGIATAN!B:B ), "" ) -> Perencanaan, Penganggaran, dan Evaluasi Kinerja Perangkat Daerah
A6: 7.01.01.2.02.0001 | B6: Penyediaan Gaji dan Tunjangan ASN | C6: 7.01.01.2.02 | D6: =IFERROR( XLOOKUP( C6, MASTER_KEGIATAN!A:A, MASTER_KEGIATAN!B:B ), "" ) -> Administrasi Keuangan Perangkat Daerah
A7: 7.01.01.2.03.0006 | B7: Penatausahaan Barang Milik Daerah pada SKPD | C7: 7.01.01.2.03 | D7: =IFERROR( XLOOKUP( C7, MASTER_KEGIATAN!A:A, MASTER_KEGIATAN!B:B ), "" ) -> Administrasi Barang Milik Daerah pada Perangkat Daerah
A8: 7.01.01.2.05.0002 | B8: Pengadaan Pakaian Dinas Beserta Atribut Kelengkapannya | C8: 7.01.01.2.05 | D8: =IFERROR( XLOOKUP( C8, MASTER_KEGIATAN!A:A, MASTER_KEGIATAN!B:B ), "" ) -> Administrasi Kepegawaian Perangkat Daerah
A9: 7.01.01.2.05.0010 | B9: Sosialisasi Peraturan Perundang-Undangan | C9: 7.01.01.2.05 | D9: =IFERROR( XLOOKUP( C9, MASTER_KEGIATAN!A:A, MASTER_KEGIATAN!B:B ), "" ) -> Administrasi Kepegawaian Perangkat Daerah
A10: 7.01.01.2.06.0001 | B10: Penyediaan Komponen Instalasi Listrik/Penerangan Bangunan Kantor | C10: 7.01.01.2.06 | D10: =IFERROR( XLOOKUP( C10, MASTER_KEGIATAN!A:A, MASTER_KEGIATAN!B:B ), "" ) -> Administrasi Umum Perangkat Daerah
A11: 7.01.01.2.06.0002 | B11: Penyediaan Peralatan dan Perlengkapan Kantor | C11: 7.01.01.2.06 | D11: =IFERROR( XLOOKUP( C11, MASTER_KEGIATAN!A:A, MASTER_KEGIATAN!B:B ), "" ) -> Administrasi Umum Perangkat Daerah
A12: 7.01.01.2.06.0003 | B12: Penyediaan Peralatan Rumah Tangga | C12: 7.01.01.2.06 | D12: =IFERROR( XLOOKUP( C12, MASTER_KEGIATAN!A:A, MASTER_KEGIATAN!B:B ), "" ) -> Administrasi Umum Perangkat Daerah
A13: 7.01.01.2.06.0004 | B13: Penyediaan Bahan Logistik Kantor | C13: 7.01.01.2.06 | D13: =IFERROR( XLOOKUP( C13, MASTER_KEGIATAN!A:A, MASTER_KEGIATAN!B:B ), "" ) -> Administrasi Umum Perangkat Daerah
... A48: 7.01.06.2.01.0009 | B48: Fasilitasi Sinkronisasi Perencanaan Pembangunan Daerah dengan Pembangunan Desa | C48: 7.01.06.2.01 | D48: =IFERROR( XLOOKUP( C48, MASTER_KEGIATAN!A:A, MASTER_KEGIATAN!B:B ), "" ) -> Fasilitasi, Rekomendasi dan Koordinasi Pembinaan dan Pengawasan Pemerintahan Desa
