Workbook

Sheet MASTER_REKENING
A1: kode_rekening | B1: nama_rekening | C1: kode_sub_kegiatan | D1: nama_sub_kegiatan
A2: 5.1.02.01.01.0026 | B2: Belanja Alat/Bahan untuk Kegiatan Kantor- Bahan Cetak | C2: 7.01.01.2.01.0001 | D2: =IFERROR( XLOOKUP( C2, MASTER_SUBKEGIATAN!A:A, MASTER_SUBKEGIATAN!B:B ), "" ) -> Penyusunan Dokumen Perencanaan Perangkat Daerah
A3: 5.1.02.04.01.0003 | B3: Belanja Perjalanan Dinas Dalam Kota | C3: 7.01.01.2.01.0001 | D3: =IFERROR( XLOOKUP( C3, MASTER_SUBKEGIATAN!A:A, MASTER_SUBKEGIATAN!B:B ), "" ) -> Penyusunan Dokumen Perencanaan Perangkat Daerah
A4: 5.1.02.04.01.0004 | B4: Belanja Perjalanan Dinas Paket Meeting Dalam Kota | C4: 7.01.01.2.01.0001 | D4: =IFERROR( XLOOKUP( C4, MASTER_SUBKEGIATAN!A:A, MASTER_SUBKEGIATAN!B:B ), "" ) -> Penyusunan Dokumen Perencanaan Perangkat Daerah
A5: 5.1.02.04.01.0001 | B5: Belanja Perjalanan Dinas Biasa | C5: 7.01.01.2.01.0001 | D5: =IFERROR( XLOOKUP( C5, MASTER_SUBKEGIATAN!A:A, MASTER_SUBKEGIATAN!B:B ), "" ) -> Penyusunan Dokumen Perencanaan Perangkat Daerah
A6: 5.1.02.04.01.0005 | B6: Belanja Perjalanan Dinas Paket Meeting Luar Kota | C6: 7.01.01.2.01.0001 | D6: =IFERROR( XLOOKUP( C6, MASTER_SUBKEGIATAN!A:A, MASTER_SUBKEGIATAN!B:B ), "" ) -> Penyusunan Dokumen Perencanaan Perangkat Daerah
A7: 5.1.02.01.01.0026 | B7: Belanja Alat/Bahan untuk Kegiatan Kantor- Bahan Cetak | C7: 7.01.01.2.01.0006 | D7: =IFERROR( XLOOKUP( C7, MASTER_SUBKEGIATAN!A:A, MASTER_SUBKEGIATAN!B:B ), "" ) -> Koordinasi dan Penyusunan Laporan Capaian Kinerja dan Ikhtisar Realisasi Kinerja SKPD
A8: 5.1.02.04.01.0003 | B8: Belanja Perjalanan Dinas Dalam Kota | C8: 7.01.01.2.01.0006 | D8: =IFERROR( XLOOKUP( C8, MASTER_SUBKEGIATAN!A:A, MASTER_SUBKEGIATAN!B:B ), "" ) -> Koordinasi dan Penyusunan Laporan Capaian Kinerja dan Ikhtisar Realisasi Kinerja SKPD
A9: 5.1.02.04.01.0004 | B9: Belanja Perjalanan Dinas Paket Meeting Dalam Kota | C9: 7.01.01.2.01.0006 | D9: =IFERROR( XLOOKUP( C9, MASTER_SUBKEGIATAN!A:A, MASTER_SUBKEGIATAN!B:B ), "" ) -> Koordinasi dan Penyusunan Laporan Capaian Kinerja dan Ikhtisar Realisasi Kinerja SKPD
A10: 5.1.02.04.01.0001 | B10: Belanja Perjalanan Dinas Biasa | C10: 7.01.01.2.01.0006 | D10: =IFERROR( XLOOKUP( C10, MASTER_SUBKEGIATAN!A:A, MASTER_SUBKEGIATAN!B:B ), "" ) -> Koordinasi dan Penyusunan Laporan Capaian Kinerja dan Ikhtisar Realisasi Kinerja SKPD
A11: 5.1.02.04.01.0005 | B11: Belanja Perjalanan Dinas Paket Meeting Luar Kota | C11: 7.01.01.2.01.0006 | D11: =IFERROR( XLOOKUP( C11, MASTER_SUBKEGIATAN!A:A, MASTER_SUBKEGIATAN!B:B ), "" ) -> Koordinasi dan Penyusunan Laporan Capaian Kinerja dan Ikhtisar Realisasi Kinerja SKPD
A12: 5.1.02.01.01.0026 | B12: Belanja Alat/Bahan untuk Kegiatan Kantor- Bahan Cetak | C12: 7.01.01.2.01.0008 | D12: =IFERROR( XLOOKUP( C12, MASTER_SUBKEGIATAN!A:A, MASTER_SUBKEGIATAN!B:B ), "" ) -> Penyelenggaraan Walidata Pendukung Statistik Sektoral Daerah
A13: 5.1.02.01.01.0052 | B13: Belanja Makanan dan Minuman Rapat | C13: 7.01.01.2.01.0008 | D13: =IFERROR( XLOOKUP( C13, MASTER_SUBKEGIATAN!A:A, MASTER_SUBKEGIATAN!B:B ), "" ) -> Penyelenggaraan Walidata Pendukung Statistik Sektoral Daerah
... A205: 5.1.02.04.01.0004 | B205: Belanja Perjalanan Dinas Paket Meeting Dalam Kota | C205: 7.01.06.2.01.0009 | D205: =IFERROR( XLOOKUP( C205, MASTER_SUBKEGIATAN!A:A, MASTER_SUBKEGIATAN!B:B ), "" ) -> Fasilitasi Sinkronisasi Perencanaan Pembangunan Daerah dengan Pembangunan Desa
