Workbook

Sheet MASTER_DETAIL_BELANJA
A1: id_detail | B1: kode_rekening | C1: nama_detail_belanja | D1: PROGRAM | E1: KEGIATAN | F1: SUB KEGIATAN | G1: Kuefisien | H1: Satuan | I1: Harga | J1: Pagu | K1: Sisa Kuefisien | L1: Realisasi | M1: Sisa Pagu
A2: 1 | B2: 5.1.02.04.01.0003 | C2: Uang Harian Dalam Daerah kegiatan lebih dari 8 Jam | D2: 36898 | E2: 7.01.01.2.01 | F2: 7.01.01.2.01.0001 | G2: 10 | H2: Orang / Hari | I2: 170000 | J2: =G2*I2 -> 1700000 | K2: =IFERROR( XLOOKUP( A2, INPUT_REALISASI!M:M, INPUT_REALISASI!R:R ), "belum" ) -> belum | L2: =IFERROR( XLOOKUP( A2, INPUT_REALISASI!M:M, INPUT_REALISASI!S:S ), 0 ) -> 0 | M2: =J2-L2 -> 1700000
A3: 2 | B3: 5.1.02.04.01.0004 | C3: Uang Harian Kegiatan Rapat Hotel atau Pertemuan di Luar Kantor Halfday / Fullday di Dalam Kabupaten Bandung | D3: 36898 | E3: 7.01.01.2.01 | F3: 7.01.01.2.01.0001 | G3: 4 | H3: Orang / Hari | I3: 105000 | J3: =G3*I3 -> 420000 | K3: =IFERROR( XLOOKUP( A3, INPUT_REALISASI!M:M, INPUT_REALISASI!R:R ), "belum" ) -> belum | L3: =IFERROR( XLOOKUP( A3, INPUT_REALISASI!M:M, INPUT_REALISASI!S:S ), 0 ) -> 0 | M3: =J3-L3 -> 420000
A4: 3 | B4: 5.1.02.04.01.0001 | C4: Uang Harian Perjalanan Dinas Dalam Negeri, Luar Kota Provinsi Jawa Barat, Lebih dari 8 Jam | D4: 36898 | E4: 7.01.01.2.01 | F4: 7.01.01.2.01.0001 | G4: 4 | H4: Orang / Hari | I4: 430000 | J4: =G4*I4 -> 1720000 | K4: =IFERROR( XLOOKUP( A4, INPUT_REALISASI!M:M, INPUT_REALISASI!R:R ), "belum" ) -> belum | L4: =IFERROR( XLOOKUP( A4, INPUT_REALISASI!M:M, INPUT_REALISASI!S:S ), 0 ) -> 0 | M4: =J4-L4 -> 1720000
A5: 4 | B5: 5.1.02.04.01.0005 | C5: Uang Harian Kegiatan Rapat Hotel atau Pertemuan di Luar Kantor Halfday / Fullday di Luar Kota - Jawa Barat | D5: 36898 | E5: 7.01.01.2.01 | F5: 7.01.01.2.01.0001 | G5: 4 | H5: Orang / Hari | I5: 105000 | J5: =G5*I5 -> 420000 | K5: =IFERROR( XLOOKUP( A5, INPUT_REALISASI!M:M, INPUT_REALISASI!R:R ), "belum" ) -> belum | L5: =IFERROR( XLOOKUP( A5, INPUT_REALISASI!M:M, INPUT_REALISASI!S:S ), 0 ) -> 0 | M5: =J5-L5 -> 420000
A6: 5 | B6: 5.1.02.04.01.0003 | C6: Uang Harian Dalam Daerah kegiatan lebih dari 8 Jam | D6: 36898 | E6: 7.01.01.2.01 | F6: 7.01.01.2.01.0006 | G6: 10 | H6: Orang / Hari | I6: 170000 | J6: =G6*I6 -> 1700000 | K6: =IFERROR( XLOOKUP( A6, INPUT_REALISASI!M:M, INPUT_REALISASI!R:R ), "belum" ) -> belum | L6: =IFERROR( XLOOKUP( A6, INPUT_REALISASI!M:M, INPUT_REALISASI!S:S ), 0 ) -> 0 | M6: =J6-L6 -> 1700000
A7: 6 | B7: 5.1.02.04.01.0004 | C7: Uang Harian Kegiatan Rapat Hotel atau Pertemuan di Luar Kantor Halfday / Fullday di Dalam Kabupaten Bandung | D7: 36898 | E7: 7.01.01.2.01 | F7: 7.01.01.2.01.0006 | G7: 6 | H7: Orang / Hari | I7: 105000 | J7: =G7*I7 -> 630000 | K7: =IFERROR( XLOOKUP( A7, INPUT_REALISASI!M:M, INPUT_REALISASI!R:R ), "belum" ) -> belum | L7: =IFERROR( XLOOKUP( A7, INPUT_REALISASI!M:M, INPUT_REALISASI!S:S ), 0 ) -> 0 | M7: =J7-L7 -> 630000
A8: 7 | B8: 5.1.02.04.01.0001 | C8: Uang Harian Perjalanan Dinas Dalam Negeri, Luar Kota Provinsi Jawa Barat, Lebih dari 8 Jam | D8: 36898 | E8: 7.01.01.2.01 | F8: 7.01.01.2.01.0006 | G8: 6 | H8: Orang / Hari | I8: 430000 | J8: =G8*I8 -> 2580000 | K8: =IFERROR( XLOOKUP( A8, INPUT_REALISASI!M:M, INPUT_REALISASI!R:R ), "belum" ) -> belum | L8: =IFERROR( XLOOKUP( A8, INPUT_REALISASI!M:M, INPUT_REALISASI!S:S ), 0 ) -> 0 | M8: =J8-L8 -> 2580000
A9: 8 | B9: 5.1.02.04.01.0005 | C9: Uang Harian Kegiatan Rapat Hotel atau Pertemuan di Luar Kantor Halfday / Fullday di Luar Kota - Jawa Barat | D9: 36898 | E9: 7.01.01.2.01 | F9: 7.01.01.2.01.0006 | G9: 6 | H9: Orang / Hari | I9: 105000 | J9: =G9*I9 -> 630000 | K9: =IFERROR( XLOOKUP( A9, INPUT_REALISASI!M:M, INPUT_REALISASI!R:R ), "belum" ) -> belum | L9: =IFERROR( XLOOKUP( A9, INPUT_REALISASI!M:M, INPUT_REALISASI!S:S ), 0 ) -> 0 | M9: =J9-L9 -> 630000
A10: 9 | B10: 5.1.02.04.01.0003 | C10: Uang Harian Dalam Daerah kegiatan lebih dari 8 Jam | D10: 36898 | E10: 7.01.01.2.01 | F10: 7.01.01.2.01.0008 | G10: 4 | H10: Orang / Hari | I10: 170000 | J10: =G10*I10 -> 680000 | K10: =IFERROR( XLOOKUP( A10, INPUT_REALISASI!M:M, INPUT_REALISASI!R:R ), "belum" ) -> belum | L10: =IFERROR( XLOOKUP( A10, INPUT_REALISASI!M:M, INPUT_REALISASI!S:S ), 0 ) -> 0 | M10: =J10-L10 -> 680000
A11: 10 | B11: 5.1.02.04.01.0005 | C11: Uang Harian Kegiatan Rapat Hotel atau Pertemuan di Luar Kantor Halfday / Fullday di Luar Kota - Jawa Barat | D11: 36898 | E11: 7.01.01.2.01 | F11: 7.01.01.2.01.0008 | G11: 2 | H11: Orang / Hari | I11: 105000 | J11: =G11*I11 -> 210000 | K11: =IFERROR( XLOOKUP( A11, INPUT_REALISASI!M:M, INPUT_REALISASI!R:R ), "belum" ) -> belum | L11: =IFERROR( XLOOKUP( A11, INPUT_REALISASI!M:M, INPUT_REALISASI!S:S ), 0 ) -> 0 | M11: =J11-L11 -> 210000
A12: 11 | B12: 5.1.01.01.01.0001 | C12: Belanja Gaji Pokok PNS | D12: 36898 | E12: 7.01.01.2.02 | F12: 7.01.01.2.02.0001 | G12: 1 | H12: Tahun | I12: 1097104000 | J12: =G12*I12 -> 1097104000 | K12: =IFERROR( XLOOKUP( A12, INPUT_REALISASI!M:M, INPUT_REALISASI!R:R ), "belum" ) -> belum | L12: =IFERROR( XLOOKUP( A12, INPUT_REALISASI!M:M, INPUT_REALISASI!S:S ), 0 ) -> 0 | M12: =J12-L12 -> 1097104000
A13: 12 | B13: 5.1.01.01.01.0002 | C13: Belanja Gaji Pokok PPPK | D13: 36898 | E13: 7.01.01.2.02 | F13: 7.01.01.2.02.0001 | G13: 1 | H13: Tahun | I13: 85285000 | J13: =G13*I13 -> 85285000 | K13: =IFERROR( XLOOKUP( A13, INPUT_REALISASI!M:M, INPUT_REALISASI!R:R ), "belum" ) -> belum | L13: =IFERROR( XLOOKUP( A13, INPUT_REALISASI!M:M, INPUT_REALISASI!S:S ), 0 ) -> 0 | M13: =J13-L13 -> 85285000
... A55: 54 | B55: 5.1.02.01.01.0025 | C55: Putih Polos No. 104 berperekat | D55: 36898 | E55: 7.01.01.2.06 | F55: 7.01.01.2.06.0002 | G55: 10 | H55: Dus | I55: 26200 | J55: =G55*I55 -> 262000 | K55: =IFERROR( XLOOKUP( A55, INPUT_REALISASI!M:M, INPUT_REALISASI!R:R ), "belum" ) -> belum | L55: =IFERROR( XLOOKUP( A55, INPUT_REALISASI!M:M, INPUT_REALISASI!S:S ), 0 ) -> 0 | M55: =J55-L55 -> 262000
A56: 55 | B56: 5.1.02.01.001.00035 | C56: Karangan Bunga | D56: 36898 | E56: 7.01.01.2.06 | F56: 7.01.01.2.06.0002 | G56: 6 | I56: 1190000 | J56: =G56*I56 -> 7140000 | K56: =IFERROR( XLOOKUP( A56, INPUT_REALISASI!M:M, INPUT_REALISASI!R:R ), "belum" ) -> belum | L56: =IFERROR( XLOOKUP( A56, INPUT_REALISASI!M:M, INPUT_REALISASI!S:S ), 0 ) -> 0 | M56: =J56-L56 -> 7140000
A57: 56 | B57: 5.1.02.01.01.0029 | C57: Tinta Printer - L120 L300 | D57: 36898 | E57: 7.01.01.2.06 | F57: 7.01.01.2.06.0002 | G57: 12 | H57: Set | I57: 215400 | J57: =G57*I57 -> 2584800 | K57: =IFERROR( XLOOKUP( A57, INPUT_REALISASI!M:M, INPUT_REALISASI!R:R ), "belum" ) -> belum | L57: =IFERROR( XLOOKUP( A57, INPUT_REALISASI!M:M, INPUT_REALISASI!S:S ), 0 ) -> 0 | M57: =J57-L57 -> 2584800
A58: 57 | B58: 5.1.02.01.01.0029 | C58: Tinta Printer Warna Original 70 ml | D58: 36898 | E58: 7.01.01.2.06 | F58: 7.01.01.2.06.0002 | G58: 12 | H58: Buah | I58: 184500 | J58: =G58*I58 -> 2214000 | K58: =IFERROR( XLOOKUP( A58, INPUT_REALISASI!M:M, INPUT_REALISASI!R:R ), "belum" ) -> belum | L58: =IFERROR( XLOOKUP( A58, INPUT_REALISASI!M:M, INPUT_REALISASI!S:S ), 0 ) -> 0 | M58: =J58-L58 -> 2214000
A59: 58 | B59: 5.1.02.01.01.0029 | C59: Cartridge - Printer | D59: 36898 | E59: 7.01.01.2.06 | F59: 7.01.01.2.06.0002 | G59: 8 | H59: Buah | I59: 238400 | J59: =G59*I59 -> 1907200 | K59: =IFERROR( XLOOKUP( A59, INPUT_REALISASI!M:M, INPUT_REALISASI!R:R ), "belum" ) -> belum | L59: =IFERROR( XLOOKUP( A59, INPUT_REALISASI!M:M, INPUT_REALISASI!S:S ), 0 ) -> 0 | M59: =J59-L59 -> 1907200
A60: 59 | B60: 5.1.02.01.01.0012 | C60: Sabun Cuci Piring Kemasan Pouch Refill | D60: 36898 | E60: 7.01.01.2.06 | F60: 7.01.01.2.06.0003 | G60: 12 | H60: Buah | I60: 19600 | J60: =G60*I60 -> 235200 | K60: =IFERROR( XLOOKUP( A60, INPUT_REALISASI!M:M, INPUT_REALISASI!R:R ), "belum" ) -> belum | L60: =IFERROR( XLOOKUP( A60, INPUT_REALISASI!M:M, INPUT_REALISASI!S:S ), 0 ) -> 0 | M60: =J60-L60 -> 235200
A61: 60 | B61: 5.1.02.01.01.0012 | C61: Tissue Box | D61: 36898 | E61: 7.01.01.2.06 | F61: 7.01.01.2.06.0003 | G61: 12 | H61: Buah | I61: 47600 | J61: =G61*I61 -> 571200 | K61: =IFERROR( XLOOKUP( A61, INPUT_REALISASI!M:M, INPUT_REALISASI!R:R ), "belum" ) -> belum | L61: =IFERROR( XLOOKUP( A61, INPUT_REALISASI!M:M, INPUT_REALISASI!S:S ), 0 ) -> 0 | M61: =J61-L61 -> 571200
A62: 61 | B62: 5.1.02.01.01.0012 | C62: Pembersih Lantai | D62: 36898 | E62: 7.01.01.2.06 | F62: 7.01.01.2.06.0003 | G62: 12 | H62: Buah | I62: 29400 | J62: =G62*I62 -> 352800 | K62: =IFERROR( XLOOKUP( A62, INPUT_REALISASI!M:M, INPUT_REALISASI!R:R ), "belum" ) -> belum | L62: =IFERROR( XLOOKUP( A62, INPUT_REALISASI!M:M, INPUT_REALISASI!S:S ), 0 ) -> 0 | M62: =J62-L62 -> 352800
A63: 62 | B63: 5.1.02.01.01.0043 | C63: Air Mineral Galon | D63: 36898 | E63: 7.01.01.2.06 | F63: 7.01.01.2.06.0004 | G63: 50 | H63: Galon | I63: 28100 | J63: =G63*I63 -> 1405000 | K63: =IFERROR( XLOOKUP( A63, INPUT_REALISASI!M:M, INPUT_REALISASI!R:R ), "belum" ) -> belum | L63: =IFERROR( XLOOKUP( A63, INPUT_REALISASI!M:M, INPUT_REALISASI!S:S ), 0 ) -> 0 | M63: =J63-L63 -> 1405000
A64: 63 | B64: 5.1.02.01.01.0043 | C64: Air Mineral 240 ml | D64: 36898 | E64: 7.01.01.2.06 | F64: 7.01.01.2.06.0004 | G64: 15 | H64: Dus | I64: 44400 | J64: =G64*I64 -> 666000 | K64: =IFERROR( XLOOKUP( A64, INPUT_REALISASI!M:M, INPUT_REALISASI!R:R ), "belum" ) -> belum | L64: =IFERROR( XLOOKUP( A64, INPUT_REALISASI!M:M, INPUT_REALISASI!S:S ), 0 ) -> 0 | M64: =J64-L64 -> 666000
A65: 64 | B65: 5.1.02.01.01.0024 | C65: Pembulatan | D65: 36898 | E65: 7.01.01.2.06 | F65: 7.01.01.2.06.0005 | G65: 426 | H65: Rupiah | I65: 1 | J65: =G65*I65 -> 426 | K65: =IFERROR( XLOOKUP( A65, INPUT_REALISASI!M:M, INPUT_REALISASI!R:R ), "belum" ) -> belum | L65: =IFERROR( XLOOKUP( A65, INPUT_REALISASI!M:M, INPUT_REALISASI!S:S ), 0 ) -> 0 | M65: =J65-L65 -> 426
A66: 65 | B66: 5.1.02.01.01.0024 | C66: Cetak Spanduk, Bahan Flexy China | D66: 36898 | E66: 7.01.01.2.06 | F66: 7.01.01.2.06.0005 | G66: 100 | H66: M | I66: 48800 | J66: =G66*I66 -> 4880000 | K66: =IFERROR( XLOOKUP( A66, INPUT_REALISASI!M:M, INPUT_REALISASI!R:R ), "belum" ) -> belum | L66: =IFERROR( XLOOKUP( A66, INPUT_REALISASI!M:M, INPUT_REALISASI!S:S ), 0 ) -> 0 | M66: =J66-L66 -> 4880000
A67: 66 | B67: 5.1.02.01.01.0024 | C67: Cetak Umbul-Umbul, 1 x 3 M | D67: 36898 | E67: 7.01.01.2.06 | F67: 7.01.01.2.06.0005 | G67: 5 | H67: Buah | I67: 146800 | J67: =G67*I67 -> 734000 | K67: =IFERROR( XLOOKUP( A67, INPUT_REALISASI!M:M, INPUT_REALISASI!R:R ), "belum" ) -> belum | L67: =IFERROR( XLOOKUP( A67, INPUT_REALISASI!M:M, INPUT_REALISASI!S:S ), 0 ) -> 0 | M67: =J67-L67 -> 734000
A68: 67 | B68: 5.1.02.01.01.0024 | C68: Buku Disposisi | D68: 36898 | E68: 7.01.01.2.06 | F68: 7.01.01.2.06.0005 | G68: 20 | H68: Buku | I68: 46400 | J68: =G68*I68 -> 928000 | K68: =IFERROR( XLOOKUP( A68, INPUT_REALISASI!M:M, INPUT_REALISASI!R:R ), "belum" ) -> belum | L68: =IFERROR( XLOOKUP( A68, INPUT_REALISASI!M:M, INPUT_REALISASI!S:S ), 0 ) -> 0 | M68: =J68-L68 -> 928000
... A200: 199 | B200: 5.1.02.02.01.0003 | C200: Honorarium Narasumber/ Pembahas - Pejabat Eselon II/yang disetarakan (Non ASN Pemkab Bandung) | D200: 38724 | E200: 7.01.06.2.01 | F200: 7.01.06.2.01.0009 | G200: 6 | H200: Orang / Jam | I200: 1000000 | J200: =G200*I200 -> 6000000 | K200: =IFERROR( XLOOKUP( A200, INPUT_REALISASI!M:M, INPUT_REALISASI!R:R ), "belum" ) -> belum | L200: =IFERROR( XLOOKUP( A200, INPUT_REALISASI!M:M, INPUT_REALISASI!S:S ), 0 ) -> 0 | M200: =J200-L200 -> 6000000
J201: =SUM(J2:J200) -> 4521281726
